,precision,recall,f1-score,support
Negative,0.6164772727272727,0.36562763268744736,0.45901639344262296,1187.0
Neutral,0.6438848920863309,0.8671280276816609,0.7390150398112652,2890.0
Positive,0.7007874015748031,0.4424715909090909,0.542446669569003,1408.0
accuracy,0.6495897903372835,0.6495897903372835,0.6495897903372835,0.6495897903372835
macro avg,0.6537165221294688,0.5584090837593997,0.5801593676076303,5485.0
weighted avg,0.6525605327755865,0.6495897903372835,0.6279618659661086,5485.0
