,precision,recall,f1-score,support
Negative,0.5943396226415094,0.6899747262005055,0.6385964912280702,1187.0
Neutral,0.8194391087207069,0.7380622837370242,0.7766247951938832,2890.0
Positive,0.7240691489361702,0.7734375,0.7479395604395604,1408.0
accuracy,0.7367365542388332,0.7367365542388332,0.7367365542388332,0.7367365542388332
macro avg,0.7126159600994622,0.7338248366458432,0.7210536156205046,5485.0
weighted avg,0.7462442147639822,0.7367365542388332,0.7393908102637999,5485.0
