,precision,recall,f1-score,support
Negative,0.7414634146341463,0.38416175231676497,0.5061043285238623,1187.0
Neutral,0.7065868263473054,0.8982698961937716,0.7909811090798293,2890.0
Positive,0.7767558528428093,0.6598011363636364,0.7135176651305684,1408.0
accuracy,0.7257976298997265,0.7257976298997265,0.7257976298997265,0.7257976298997265
macro avg,0.7416020312747538,0.647410928291391,0.6702010342447533,5485.0
weighted avg,0.7321468080432306,0.7257976298997265,0.709446511522766,5485.0
