,precision,recall,f1-score,support
Negative,0.6639150943396226,0.4743049705139006,0.5533169533169533,1187.0
Neutral,0.7180081065431384,0.8581314878892734,0.7818411097099621,2890.0
Positive,0.7650042265426881,0.6427556818181818,0.6985719799305288,1408.0
accuracy,0.7197812215132179,0.7197812215132179,0.7197812215132179,0.7197812215132179
macro avg,0.7156424758084831,0.6583973800737852,0.677910014319148,5485.0
weighted avg,0.718365833338725,0.7197812215132179,0.7110113725416953,5485.0
