,precision,recall,f1-score,support
Negative,0.6436884512085944,0.6057287278854254,0.6241319444444444,1187.0
Neutral,0.7792294807370185,0.8048442906574395,0.7918297872340425,2890.0
Positive,0.749819233550253,0.7365056818181818,0.7431028305266929,1408.0
accuracy,0.7442114858705561,0.7442114858705561,0.7442114858705561,0.7442114858705561
macro avg,0.7242457218319553,0.7156929001203488,0.7196881874017267,5485.0
weighted avg,0.7423476520972363,0.7442114858705561,0.7430303534263486,5485.0
